termino,n,%
music,74,39.2
artificial,23,12.2
intelligence,20,10.6
university,20,10.6
bibliometric,17,9.0
teaching,17,9.0
digital,13,6.9
trends,12,6.3
higher,12,6.3
deep,11,5.8
role,10,5.3
piano,10,5.3
from,9,4.8
performance,9,4.8
chinese,8,4.2
multimodal,7,3.7
evaluation,7,3.7
development,7,3.7
intelligent,7,3.7
effects,7,3.7
scoping,7,3.7
studies,6,3.2
traditional,6,3.2
student,6,3.2
educational,6,3.2
international,6,3.2
global,6,3.2
design,6,3.2
reinforcement,6,3.2
training,6,3.2
application,6,3.2
practice,6,3.2
challenges,6,3.2
optimization,6,3.2
mapping,6,3.2
reality,5,2.6
musical,5,2.6
scopus,5,2.6
vocal,5,2.6
future,5,2.6
comprehensive,5,2.6
personalized,5,2.6
construction,5,2.6
generative,5,2.6
integrating,5,2.6
united,5,2.6
kingdom,5,2.6
cultural,4,2.1
curriculum,4,2.1
journal,4,2.1
language,4,2.1
audio,4,2.1
machine,4,2.1
management,4,2.1
feedback,4,2.1
systems,4,2.1
faculty,4,2.1
eindhoven,4,2.1
algorithm,4,2.1
innovation,4,2.1
transformation,4,2.1
recognition,4,2.1
adaptive,4,2.1
neural,4,2.1
under,4,2.1
interaction,4,2.1
information,4,2.1
technologies,4,2.1
through,4,2.1
strategies,4,2.1
among,4,2.1
impact,4,2.1
teacher,4,2.1
exploring,4,2.1
sistematica,3,1.6
literatura,3,1.6
related,3,1.6
augmented,3,1.6
secondary,3,1.6
years,3,1.6
educacion,3,1.6
folk,3,1.6
netherlands,3,1.6
models,3,1.6
pedagogies,3,1.6
knowledge,3,1.6
approaches,3,1.6
integration,3,1.6
learningbased,3,1.6
framework,3,1.6
mode,3,1.6
quality,3,1.6
online,3,1.6
virtual,3,1.6
colleges,3,1.6
innovative,3,1.6
emotional,3,1.6
computing,3,1.6
transcription,3,1.6
vocational,3,1.6
algorithms,3,1.6
article,3,1.6
human,3,1.6
creativity,3,1.6
conference,3,1.6
empirical,3,1.6
database,3,1.6
directions,3,1.6
engineering,3,1.6
practices,3,1.6
communication,3,1.6
strategy,3,1.6
students,3,1.6
enhanced,3,1.6
transfer,3,1.6
experience,3,1.6
member,3,1.6
khalid,3,1.6
revision,2,1.1
decade,2,1.1
heritage,2,1.1
arts,2,1.1
social,2,1.1
sciences,2,1.1
between,2,1.1
version,2,1.1
approved,2,1.1
planning,2,1.1
islamic,2,1.1
indonesia,2,1.1
driven,2,1.1
self,2,1.1
assessment,2,1.1
themes,2,1.1
enhancing,2,1.1
skills,2,1.1
towards,2,1.1
readiness,2,1.1
breaking,2,1.1
konstantinos,2,1.1
suripah,2,1.1
computational,2,1.1
thinking,2,1.1
stem,2,1.1
structure,2,1.1
methods,2,1.1
document,2,1.1
structured,2,1.1
realtime,2,1.1
voice,2,1.1
separation,2,1.1
network,2,1.1
western,2,1.1
composition,2,1.1
thai,2,1.1
technical,2,1.1
emotion,2,1.1
enhancement,2,1.1
preschool,2,1.1
effect,2,1.1
context,2,1.1
computer,2,1.1
vision,2,1.1
wearable,2,1.1
perception,2,1.1
recommendation,2,1.1
original,2,1.1
olaleye,2,1.1
inheritance,2,1.1
skill,2,1.1
applications,2,1.1
childrens,2,1.1
choral,2,1.1
theory,2,1.1
majors,2,1.1
path,2,1.1
platform,2,1.1
college,2,1.1
byrne,2,1.1
luis,2,1.1
alberto,2,1.1
sanchez,2,1.1
convolutional,2,1.1
networks,2,1.1
binti,2,1.1
personalised,2,1.1
automatic,2,1.1
validation,2,1.1
mobile,2,1.1
apps,2,1.1
case,2,1.1
barriers,2,1.1
genai,2,1.1
attention,2,1.1
aesthetic,2,1.1
dance,2,1.1
ethical,2,1.1
crosscultural,2,1.1
current,2,1.1
source,2,1.1
support,2,1.1
experimental,2,1.1
enhance,2,1.1
influence,2,1.1
precision,2,1.1
instrumental,2,1.1
motivation,2,1.1
tools,2,1.1
direction,2,1.1
making,2,1.1
modeling,2,1.1
software,2,1.1
motivational,2,1.1
moderating,2,1.1
literacy,2,1.1
generation,2,1.1
exercise,2,1.1
older,2,1.1
adults,2,1.1
strategic,2,1.1
movement,2,1.1
processing,2,1.1
impacto,2,1.1
inteligencia,2,1.1
detection,2,1.1
transformer,2,1.1
sustainable,2,1.1
proceedings,2,1.1
whose,2,1.1
mohamad,2,1.1
mohd,2,1.1
efficacy,2,1.1
evaluating,2,1.1
science,2,1.1
mathematics,2,1.1
opportunity,2,1.1
london,2,1.1
chamil,2,1.1
arkhasa,2,1.1
nikko,2,1.1
mazlan,2,1.1
maryam,2,1.1
multani,2,1.1
florida,2,1.1
cross,2,1.1
compromiso,1,0.5
escolar,1,0.5
content,1,0.5
inquiry,1,0.5
intangible,1,0.5
fine,1,0.5
school,1,0.5
esteem,1,0.5
humanities,1,0.5
april,1,0.5
asia,1,0.5
semantic,1,0.5
bridge,1,0.5
beneficios,1,0.5
desarrollo,1,0.5
alumnado,1,0.5
altas,1,0.5
analisis,1,0.5
kelayakan,1,0.5
penerapan,1,0.5
pada,1,0.5
industri,1,0.5
musik,1,0.5
evolving,1,0.5
performing,1,0.5
indexed,1,0.5
articles,1,0.5
published,1,0.5
peer,1,0.5
reservations,1,0.5
outcomes,1,0.5
department,1,0.5
policy,1,0.5
unive,1,0.5
joiv,1,0.5
inform,1,0.5
visualization,1,0.5
march,1,0.5
teis,1,0.5
arets,1,0.5
giulia,1,0.5
perugia,1,0.5
maarten,1,0.5
houben,1,0.5
wijnand,1,0.5
ijsselsteijn,1,0.5
nethe,1,0.5
fauzan,1,0.5
addinul,1,0.5
jihad,1,0.5
hamka,1,0.5
hakim,1,0.5
rodiatun,1,0.5
mardiah,1,0.5
religion,1,0.5
universitas,1,0.5
muhammadiyah,1,0.5
surakarta,1,0.5
agility,1,0.5
measurement,1,0.5
environments,1,0.5
harmonizing,1,0.5
tradition,1,0.5
religious,1,0.5
gaps,1,0.5
career,1,0.5
recent,1,0.5
sound,1,0.5
barrier,1,0.5
spectrum,1,0.5
modern,1,0.5
advanced,1,0.5
ready,1,0.5
stavroula,1,0.5
dimitriadou,1,0.5
stavros,1,0.5
athanassopoulos,1,0.5
vassilis,1,0.5
komis,1,0.5
stamatios,1,0.5
papadakis,1,0.5
lavidas,1,0.5
sinta,1,0.5
jrpm,1,0.5
implementing,1,0.5
segmentation,1,0.5
classification,1,0.5
rulebased,1,0.5
yoho,1,0.5
worth,1,0.5
record,1,0.5
principled,1,0.5
inductive,1,0.5
bias,1,0.5
lightweight,1,0.5
karaoke,1,0.5
improved,1,0.5
singing,1,0.5
fundamental,1,0.5
frequency,1,0.5
estimation,1,0.5
spiking,1,0.5
inspired,1,0.5
neuroscience,1,0.5
psychology,1,0.5
keyconditioned,1,0.5
dual,1,0.5
mental,1,0.5
cultivation,1,0.5
transformerbased,1,0.5
conductor,1,0.5
assistance,1,0.5
choirs,1,0.5
aibased,1,0.5
accuracy,1,0.5
learner,1,0.5
autonomy,1,0.5
aipowered,1,0.5
naureen,1,0.5
shehzad,1,0.5
javier,1,0.5
valentino,1,0.5
palomino,1,0.5
floresa,1,0.5
giuliana,1,0.5
pilar,1,0.5
saravia,1,0.5
ramosb,1,0.5
irma,1,0.5
milagros,1,0.5
carhuancho,1,0.5
mendozac,1,0.5
lady,1,0.5
barbara,1,0.5
layme,1,0.5
calatayudd,1,0.5
intelligenceenabled,1,0.5
classroom,1,0.5
aware,1,0.5
wellbeing,1,0.5
affective,1,0.5
architecture,1,0.5
radiance,1,0.5
fields,1,0.5
blended,1,0.5
guzheng,1,0.5
playing,1,0.5
posture,1,0.5
visual,1,0.5
soft,1,0.5
electronic,1,0.5
reprint,1,0.5
differ,1,0.5
pagination,1,0.5
typographic,1,0.5
detail,1,0.5
author,1,0.5
sunday,1,0.5
adewale,1,0.5
esther,1,0.5
olubunmi,1,0.5
intelligencedriven,1,0.5
minority,1,0.5
intelligencesupported,1,0.5
solfge,1,0.5
instruction,1,0.5
attitudes,1,0.5
sightreading,1,0.5
pedagogical,1,0.5
reform,1,0.5
dcnn,1,0.5
augmenting,1,0.5
joint,1,0.5
csce,1,0.5
specialty,1,0.5
conjointe,1,0.5
specialisee,1,0.5
scgc,1,0.5
songs,1,0.5
sociocultural,1,0.5
tool,1,0.5
shaping,1,0.5
collective,1,0.5
consciousness,1,0.5
upon,1,0.5
data,1,0.5
relevance,1,0.5
scenes,1,0.5
normal,1,0.5
cloud,1,0.5
courses,1,0.5
steve,1,0.5
jason,1,0.5
uman,1,0.5
juarez,1,0.5
carmen,1,0.5
rosa,1,0.5
hurtado,1,0.5
laura,1,0.5
mera,1,0.5
giovanna,1,0.5
irayda,1,0.5
alcantara,1,0.5
cuba,1,0.5
jaramillo,1,0.5
kenji,1,0.5
chung,1,0.5
divergent,1,0.5
cite,1,0.5
shulin,1,0.5
zhou,1,0.5
aida,1,0.5
hanim,1,0.5
hamid,1,0.5
bity,1,0.5
salwana,1,0.5
alias,1,0.5
decoding,1,0.5
leadership,1,0.5
pathways,1,0.5
learningdriven,1,0.5
score,1,0.5
instrument,1,0.5
expert,1,0.5
judgment,1,0.5
creating,1,0.5
characters,1,0.5
video,1,0.5
games,1,0.5
midimusical,1,0.5
adoption,1,0.5
perceived,1,0.5
preservice,1,0.5
teachers,1,0.5
ghanaian,1,0.5
chatbots,1,0.5
applying,1,0.5
bibliometrics,1,0.5
southwest,1,0.5
treatment,1,0.5
deficit,1,0.5
hyperactivity,1,0.5
disorder,1,0.5
adhd,1,0.5
children,1,0.5
adolescents,1,0.5
embodied,1,0.5
help,1,0.5
improve,1,0.5
speech,1,0.5
imitation,1,0.5
pronunciation,1,0.5
enculturation,1,0.5
modulates,1,0.5
judgments,1,0.5
endangered,1,0.5
soundscapes,1,0.5
situation,1,0.5
energetics,1,0.5
kinematics,1,0.5
physiologic,1,0.5
aspects,1,0.5
tango,1,0.5
walking,1,0.5
leader,1,0.5
epigenesis,1,0.5
explores,1,0.5
faced,1,0.5
revista,1,0.5
internacional,1,0.5
riem,1,0.5
spanis,1,0.5
platforms,1,0.5
pedagogy,1,0.5
originality,1,0.5
thesis,1,0.5
been,1,0.5
checked,1,0.5
accordance,1,0.5
turku,1,0.5
assurance,1,0.5
turnitin,1,0.5
originalitycheck,1,0.5
service,1,0.5
retrieval,1,0.5
faithful,1,0.5
memory,1,0.5
contextgrounded,1,0.5
evidence,1,0.5
chains,1,0.5
agents,1,0.5
vladimir,1,0.5
uskov,1,0.5
robert,1,0.5
howlett,1,0.5
lakhmi,1,0.5
jain,1,0.5
editors,1,0.5
developments,1,0.5
unet,1,0.5
biomechanical,1,0.5
twindriven,1,0.5
ergonomic,1,0.5
bassguitar,1,0.5
predictive,1,0.5
devices,1,0.5
musicality,1,0.5
into,1,0.5
flipped,1,0.5
classrooms,1,0.5
specific,1,0.5
acoustic,1,0.5
parameters,1,0.5
responses,1,0.5
growing,1,0.5
pigs,1,0.5
auditory,1,0.5
enrichment,1,0.5
preprofessional,1,0.5
associations,1,0.5
decisionmaking,1,0.5
contemporary,1,0.5
origami,1,0.5
instruments,1,0.5
multicultural,1,0.5
silk,1,0.5
road,1,0.5
ethnomusicology,1,0.5
viola,1,0.5
violin,1,0.5
intonation,1,0.5
quasiexperimental,1,0.5
handskeleton,1,0.5
adversarial,1,0.5
fingering,1,0.5
correction,1,0.5
expressiveness,1,0.5
audiovisual,1,0.5
feature,1,0.5
fusion,1,0.5
native,1,0.5
learners,1,0.5
selfefficacy,1,0.5
deliberate,1,0.5
mediating,1,0.5
achievement,1,0.5
goal,1,0.5
orientation,1,0.5
body,1,0.5
motion,1,0.5
contribute,1,0.5
asymmetrically,1,0.5
pluckedinstrument,1,0.5
musicdriven,1,0.5
pose,1,0.5
nostalgiadriven,1,0.5
gamification,1,0.5
media,1,0.5
engagement,1,0.5
aging,1,0.5
society,1,0.5
nursery,1,0.5
rhymes,1,0.5
translation,1,0.5
functional,1,0.5
equivalence,1,0.5
beyond,1,0.5
semantics,1,0.5
investigates,1,0.5
institutions,1,0.5
subsaharan,1,0.5
africa,1,0.5
emphasizing,1,0.5
objectives,1,0.5
advantages,1,0.5
obstacles,1,0.5
implications,1,0.5
mechanisms,1,0.5
conducting,1,0.5
tracking,1,0.5
educacao,1,0.5
revisao,1,0.5
accompaniment,1,0.5
dynamics,1,0.5
keyboard,1,0.5
integrated,1,0.5
primary,1,0.5
adaptation,1,0.5
intelligencerelated,1,0.5
internet,1,0.5
robust,1,0.5
bionic,1,0.5
distributed,1,0.5
flexible,1,0.5
sensor,1,0.5
extremecondition,1,0.5
sensing,1,0.5
operation,1,0.5
intercultural,1,0.5
competence,1,0.5
selfsupervised,1,0.5
finegrained,1,0.5
controlled,1,0.5
perturbation,1,0.5
events,1,0.5
sightoversound,1,0.5
depends,1,0.5
evaluators,1,0.5
auditoryvisual,1,0.5
examination,1,0.5
japanese,1,0.5
brass,1,0.5
band,1,0.5
competition,1,0.5
recordings,1,0.5
tertiarization,1,0.5
sustainability,1,0.5
hybrid,1,0.5
achieving,1,0.5
goals,1,0.5
competencies,1,0.5
light,1,0.5
tpack,1,0.5
frameworks,1,0.5
activity,1,0.5
psychological,1,0.5
module,1,0.5
isak,1,0.5
villiers,1,0.5
bosman,1,0.5
oguz,1,0.5
buruk,1,0.5
kristine,1,0.5
rgensen,1,0.5
juho,1,0.5
hamari,1,0.5
internship,1,0.5
employability,1,0.5
workload,1,0.5
factor,1,0.5
preservation,1,0.5
multidimensional,1,0.5
steam,1,0.5
concept,1,0.5
jeri,1,0.5
varjosalo,1,0.5
paavo,1,0.5
raty,1,0.5
ville,1,0.5
heilala,1,0.5
ieee,1,0.5
raija,1,0.5
hamalainen,1,0.5
tommi,1,0.5
karkkainen,1,0.5
senior,1,0.5
modulating,1,0.5
emotions,1,0.5
insight,1,0.5
utilization,1,0.5
china,1,0.5
indepth,1,0.5
shandong,1,0.5
province,1,0.5
exchange,1,0.5
meaning,1,0.5
conf,1,0.5
ijlter,1,0.5
numero,1,0.5
completo,1,0.5
critical,1,0.5
reflections,1,0.5
zuber,1,0.5
majid,1,0.5
muhammad,1,0.5
helmi,1,0.5
norman,1,0.5
mohammad,1,0.5
hafiz,1,0.5
zaini,1,0.5
hutkemri,1,0.5
zulnaidi,1,0.5
nasir,1,0.5
reshaping,1,0.5
insights,1,0.5
situated,1,0.5
ethics,1,0.5
angel,1,0.5
deroncele,1,0.5
acosta,1,0.5
omar,1,0.5
bellido,1,0.5
valdiviezo,1,0.5
ngeles,1,0.5
nchez,1,0.5
trujillo,1,0.5
madeleine,1,0.5
lourdes,1,0.5
palacios,1,0.5
extended,1,0.5
visually,1,0.5
impaired,1,0.5
intuition,1,0.5
scientific,1,0.5
consolidation,1,0.5
vosviewer,1,0.5
state,1,0.5
bite,1,0.5
sized,1,0.5
disciplines,1,0.5
spatial,1,0.5
reasoning,1,0.5
trend,1,0.5
roberto,1,0.5
gimenez,1,0.5
universidade,1,0.5
cidade,1,0.5
paulo,1,0.5
brazil,1,0.5
guido,1,0.5
santiago,1,0.5
silva,1,0.5
alvarado,1,0.5
manabi,1,0.5
ecuador,1,0.5
graham,1,0.5
frederick,1,0.5
welch,1,0.5
fernando,1,0.5
jose,1,0.5
sadio,1,0.5
ramos,1,0.5
instituto,1,0.5
politecnico,1,0.5
coimbra,1,0.5
portugal,1,0.5
noble,1,0.5
lancaster,1,0.5
birgit,1,0.5
arabin,1,0.5
clara,1,0.5
angela,1,0.5
foundation,1,0.5
germany,1,0.5
fiona,1,0.5
lynn,1,0.5
queen,1,0.5
belfast,1,0.5
roisin,1,0.5
perry,1,0.5
west,1,0.5
astrid,1,0.5
bowen,1,0.5
york,1,0.5
sultan,1,0.5
idris,1,0.5
malaysia,1,0.5
armando,1,0.5
macias,1,0.5
autonomous,1,0.5
potosi,1,0.5
mexico,1,0.5
anca,1,0.5
simion,1,0.5
universitatea,1,0.5
babes,1,0.5
bolyai,1,0.5
romania,1,0.5
aleksi,1,0.5
ojala,1,0.5
helsinki,1,0.5
finland,1,0.5
koronios,1,0.5
peloponnese,1,0.5
greece,1,0.5
emerging,1,0.5
currently,1,0.5
first,1,0.5
year,1,0.5
prior,1,0.5
spent,1,0.5
eight,1,0.5
instructional,1,0.5
bahria,1,0.5
islamabad,1,0.5
pakistan,1,0.5
hawaii,1,0.5
multi,1,0.5
modal,1,0.5
helps,1,0.5
health,1,0.5
metaverse,1,0.5
dalam,1,0.5
pendidikan,1,0.5
perspektif,1,0.5
manajerial,1,0.5
technological,1,0.5
process,1,0.5
cognitive,1,0.5
ijcrsee,1,0.5
early,1,0.5
childhood,1,0.5
text,1,0.5
mining,1,0.5
past,1,0.5
shihui,1,0.5
feng,1,0.5
shanghao,1,0.5
david,1,0.5
gibson,1,0.5
microlearning,1,0.5
field,1,0.5
curricular,1,0.5
complex,1,0.5
world,1,0.5
collaborative,1,0.5
usability,1,0.5
open,1,0.5
hassan,1,0.5
abdullah,1,0.5
shuradi,1,0.5
hashim,1,0.5
nurulakmal,1,0.5
abdul,1,0.5
wahid,1,0.5
electroencephalography,1,0.5
second,1,0.5
programming,1,0.5
languages,1,0.5
clinical,1,0.5
execution,1,0.5
validated,1,0.5
atlas,1,0.5
enabled,1,0.5
care,1,0.5
address,1,0.5
needs,1,0.5
undergraduate,1,0.5
studio,1,0.5
creative,1,0.5
musicianship,1,0.5
moderators,1,0.5
pedro,1,0.5
ramoneda,1,0.5
masahiro,1,0.5
suzuki,1,0.5
akira,1,0.5
maezawa,1,0.5
xavier,1,0.5
serra,1,0.5
attentional,1,0.5
affect,1,0.5
prefrontal,1,0.5
activation,1,0.5
during,1,0.5
high,1,0.5
intensity,1,0.5
asokan,1,0.5
poorani,1,0.5
sathya,1,0.5
prasanna,1,0.5
monunith,1,0.5
anithkumar,1,0.5
arul,1,0.5
saravanan,1,0.5
raaju,1,0.5
sundhar,1,0.5
thanjan,1,0.5
shaji,1,0.5
bincy,1,0.5
choreography,1,0.5
sequence,1,0.5
mixed,1,0.5
method,1,0.5
dependence,1,0.5
acceptance,1,0.5
identity,1,0.5
differences,1,0.5
expressive,1,0.5
coaching,1,0.5
